BindingDB_MonomerID,Affinities
21244,8.4862
21247,6.5528
21248,5.5498
21249,6.5528
21250,6.9586
21251,6.9586
21252,5.5498
21254,5.5498
21255,5.7328
21256,7.4318
21257,7.2518
21258,7.4202
21259,7.5528
21260,7.3768
21261,7.5379
21262,7.4559
21263,8.2518
21264,7.5528
21265,6.5528
21266,7.8539
21267,5.5528
21269,5.5528
21270,5.7959
21271,5.7959
21272,7.4559
21273,7.4559
21274,5.7447
21275,6.5528
21276,6.9586
21277,7.5528
21278,8.2349
21279,8.5604
21280,6.829
21281,7.5565
21282,6.2521
21283,5.9338
21284,7.9208
21285,7.1805
21286,5.9172
21287,6.2907
21288,5.7144
21289,7.8539
21290,7.8861
21291,7.5528
21292,7.1549
21293,5.8962
21294,6.4112
21295,6.6904
21296,5.53
21297,6.6091
21298,5.9626
21299,6.5513
21300,7.3979
21301,7.3468
21303,6.6271
21304,7.4815
21305,5.9606
21306,5.5522
21307,6.1071
21308,6.4034
21309,7.5528
21310,6
21311,6.1931
21315,5.8911
21317,6.0061
21320,5.4559
21322,5.3897
21325,5.4792
21328,5.7693
21330,5.727
21331,7.5086
21333,7.6021
21334,6.6421
22988,7.0353
24567,5.6021
26144,6.2432
27337,9.1549
27338,8.1308
27339,8.1487
27340,8.2147
27341,8.6383
27342,8.284
27343,8.5378
29061,9.1109
29062,7.2147
29063,8.3279
29064,8.6021
29065,8.6021
29066,8.3279
29067,7.6198
29068,7.9586
29069,8.7696
29070,9.1549
29071,7.5229
29072,7.0809
29073,8.8861
29074,8.7212
29075,9.0431
29076,8.8539
29078,7.7113
29079,7.7268
29080,5.9586
29081,6.1884
29082,6.1995
29087,7.699
29088,7.5528
29091,6.0862
29093,5.8539
29094,7.9302
29095,8.5229
29096,9.4949
29097,9.1024
29098,9.699
29099,7.6021
29100,9.699
29101,8.9208
29102,8.7959
29103,7.3979
35867,6.9431
35868,8
35869,5.9629
35870,9
35871,7.8059
35872,7.5239
35873,8.2439
35874,6.6048
35875,7.9586
35876,7.8861
35877,7.9434
35878,7.7506
35879,5.8019
35880,5.4022
35881,6.3901
35882,6.7723
35883,7.0969
35884,6.1175
45519,5.0391
50459,4.6091
50683,5.6517
57190,6.239
60994,7.8428
61397,7.1612
61535,5.4989
66782,5.45
68300,4.5607
68307,5.0287
68308,4.8069
68309,5.1146
68311,4.6861
68313,4.7399
68317,4.567
68318,5.3028
68322,4.6925
68323,5.3526
68324,4.8962
68326,4.8013
70185,5.5
76032,5.5157
76033,5.1765
76034,5.7799
76035,5.7747
76036,4.7471
76037,5.4045
76038,5.6536
76039,5.4737
76040,4.7077
76042,4.8761
76046,4.5017
76047,4.7986
76051,4.6038
76052,6.3696
76053,5.4802
76054,4.7471
76055,5.7033
76056,4.9318
76057,4.8013
76058,5.1481
76059,5.1146
76060,5.0635
76061,5.4461
76062,5.4401
76063,5.0623
76064,6.1798
76065,5.983
76066,5.7747
76067,6.0241
76068,5.3363
76069,5.8327
76070,6.0605
76071,5.5867
76072,5.4486
76073,5.3215
76075,4.9914
76076,5.3883
76077,5.4572
76078,6.4535
76079,5.27
76080,6.0083
76081,5.383
76082,6.0706
76083,5.6757
76084,5.4225
76085,5.308
76086,4.6108
76087,4.7258
76088,4.7721
76090,6.3242
76091,4.8314
78304,5.5017
81559,6.0655
81563,5.9101
81564,6.0132
82141,7.8861
84880,7.1871
85675,7.4634
85739,5.5158
86514,7.3161
86515,7.8633
86531,5.301
86533,5.0223
86534,5.8861
86535,5.6021
86536,5.6576
86538,5.2518
86539,5.6198
86540,5.301
86876,7.0132
86877,6.9666
86879,7.2366
86880,7.2291
86881,7.2366
86882,7.0362
86883,6.7144
86884,7.0458
86885,7.2076
86886,7.1135
86887,8.301
86888,6.7645
86889,7.0269
86891,6.7033
86984,8.1118
86985,6.059
86986,7.9586
86988,6.6655
86989,8.5229
86990,6.5575
86991,7.5528
86992,8.1549
86993,7.8239
86994,6.2933
86995,8.3979
86996,6
86997,8.1549
86998,9
86999,7.8861
87000,7.8861
87001,7.5229
87003,8.3979
87004,7.4202
87005,6.9586
87006,7.7447
87007,8.699
87008,7.301
87009,8.0458
87010,5.8239
87011,7.3372
87012,7.6021
87016,6.3453
87017,7.2774
87018,6.5209
87020,6.613
93452,6.6449
93453,6.4089
93454,6.2076
93455,6.3785
93456,5.5528
93457,5.5686
93458,5.6021
93459,7.0458
93460,6.5431
93461,6.699
93462,6.699
93463,7.0485
95787,6.7905
113764,5.4365
113765,5.0635
113766,5.4168
159779,6.9208
163041,5.9901
163042,6.3748
163048,5.4
163050,6.7595
163051,5.73
163065,5.58
163067,6.5901
163069,6.6596
163071,5.4
176622,6.5229
181239,5.7018
181242,7.3772
181243,7.3306
181244,6.7011
181245,8.4318
181246,8.6326
181247,7.765
192521,9.15
192522,6.97
192523,6.7372
192524,7.6341
192525,7.9586
192526,8.2069
192527,8.2218
192528,8.3893
192529,8.4455
192530,8.5935
192531,8.2147
192532,8.4718
192533,7.7159
192534,8.7178
192535,8.3974
192536,8.8182
192537,8.5711
192538,8.6968
208270,8.3565
208271,8.9035
227552,8.4685
235934,4.9318
235935,5.8633
235937,5.4724
242438,5.5229
242463,5.2218
286105,6.1249
295688,5.0655
295691,4.301
295693,4.4045
295694,6.0348
295695,5.0925
295696,5.6021
295697,5.5086
295698,4.0605
295701,3.9208
295702,4.1612
388461,6.8473
388463,6.9788
388465,6.7386
388466,5.9208
419118,5.312
419185,5.5283
419188,6.0031
419190,6.4935
419260,6.3116
419261,6.8794
419262,6.0975
419263,5.2667
419267,6.3325
419268,5.4694
419269,6.8327
419273,5.7086
419275,5.4166
419277,5.2708
419278,6.0311
419279,5.8324
419282,5.0969
419283,5.5516
419286,5.249
419288,5.6404
419292,5.6103
419293,5.1915
419294,5.8374
419295,5.4829
419296,6.6757
419298,5.5173
419299,5.9682
419300,6.6882
419302,5.8674
419303,5.7296
419304,6.2306
419305,6.6383
419306,6.8697
419307,6.2518
419308,5.5889
419309,6.5072
419314,6.2343
419316,5.2629
435491,3.983
435493,4.5528
435502,4.585
529437,4.6576
529438,4.6576
529443,4.3279
529444,4.3279
532445,7.0101
532446,8.8386
532448,8.4202
576352,6.0079
579472,6.5317
579473,6.4622
579474,6.4449
579476,8.5086
590758,5.4121
590776,6.2596
590785,7.4089
590787,6.7352
590788,6.4461
590790,6.9508
590791,6.2596
590797,5.2159
590799,5.0651
590803,5.5558
590805,6.0168
590808,5.5311
590835,6.384
590836,6.2182
590838,5.3389
590841,6.4584
590845,5.4862
590846,6.0482
590850,5.5403
590851,5.6763
590852,5.7934
590853,5.5369
590859,6.2596
590860,6.2596
590864,6.2581
590865,5.8294
590870,5.6354
590892,5.474
590905,6.2596
614234,6.9788
614238,6.9788
614239,6.9788
614241,6.9788
614242,6.9788
614243,6.2218
614248,6.9788
614251,6.9788
614253,6.9788
614257,6.9788
614258,6.2218
614259,6.9788
614261,6.9788
614264,6.2218
616057,4.2967
616065,4.4023
616074,4.5834
616086,4.061
616093,4.065
616094,4.0953
616103,4.1759
616107,4.3893
616122,4.4389
616150,4.5346
616153,4.1169
628471,8.1549
628472,8.3979
628477,7.7447
628487,7.3188
646493,4.9957
646494,7
646495,5.4559
50000727,9.3872
50000729,8.056
50005282,5.4111
50005908,5.1301
50005917,6.0066
50005920,7.8695
50005922,5.2963
50006229,7.6198
50006252,6.6108
50006253,6.5654
50006254,6.4763
50006416,5.58
50006447,3.8239
50008022,9.4949
50008029,6.3439
50009854,7.0862
50009864,6.1952
50011306,6.6778
50011307,8
50011308,5.3979
50011309,7.7447
50011310,8.3768
50011311,6.6696
50011312,7.5376
50011313,7.5528
50011314,8.0458
50011315,7.8239
50011316,8.3468
50011317,8.0757
50011322,8.8539
50011323,8.5229
50011324,8.7959
50011326,8.7212
50011328,8.7696
50011329,7.9208
50011330,8.5376
50011331,8.301
50011332,8.301
50011333,8.3279
50011334,8.4949
50011335,7.0362
50011336,7.1135
50019392,6.202
50023629,7.0055
50023630,7.0223
50023631,6.3002
50023632,6.6003
50023633,7.4815
50023663,6.7932
50023664,6.1451
50023665,7.5686
50023666,7.0315
50023667,7.4949
50023669,6.8697
50023670,6.6925
50023671,6.7235
50023672,5.7852
50023673,6.5058
50023674,5.7258
50023679,6.6421
50023686,6.0516
50023687,6.9031
50023688,6.4295
50023689,6.1593
50023690,6.4989
50023691,6.7423
50023692,6.5072
50023693,6.062
50023701,5.8665
50023704,7.2676
50023715,6.8069
50023719,6.983
50023723,6.7799
50023724,7.0088
50029928,5.9952
50029958,7.8937
50029959,6.1249
50029961,7.0655
50029962,6.8465
50029963,7.4815
50029964,7.1739
50029965,7.2757
50029966,5.6356
50029967,6.0419
50029972,5.4629
50029974,6.3261
50029975,6.3665
50029976,5.4841
50029977,5.4865
50029978,6.9172
50029979,6.7799
50029980,7.4437
50029989,7.6383
50032565,7.699
50032568,5.547
50032599,7.0555
50038644,6.8539
50040901,5.4949
50040934,7.2147
50040935,6.5607
50042659,5.104
50044126,8.0229
50044128,9
50044129,8.2968
50048063,6.5086
50048065,5.0655
50053357,9.1367
50053359,9.1135
50054470,6.699
50054471,5.7892
50054473,5.2918
50055267,8.1427
50055432,6.0726
50055434,5.7491
50055435,6.0809
50055436,5.6819
50055437,5.9066
50055438,5.9431
50055439,5.9747
50055442,6.0458
50055443,5.684
50055444,5.5575
50055451,6.4012
50055452,6.3585
50055453,6.8665
50055456,5.7235
50055457,6.7496
50055460,6.8794
50055461,7.7696
50055462,6.5784
50055463,7.8861
50055564,5.6778
50055565,5.9586
50055567,6
50055571,8.301
50055572,7.5376
50056457,6.7479
50056458,5.7305
50056460,7.0695
50056461,5.8906
50056463,7.0162
50056464,7.3576
50056467,7.5229
50056468,8.1367
50056470,6.6576
50056484,5.8327
50056489,5.0177
50056493,4.9136
50060617,8.2366
50061108,10
50061113,8.8495
50061117,6.8039
50061196,7.3872
50062494,4.7814
50062498,6.1218
50062499,5.8153
50062501,5.9626
50062502,6.7959
50062504,6.2076
50062505,6.7447
50062506,5.8256
50062507,5.6394
50062508,5.8097
50063884,9.2388
50063885,9.4925
50063886,7.6606
50066793,6.3161
50066794,5.7447
50066795,5.4413
50066800,5.5017
50066801,5.5918
50066802,5.6144
50066803,5.2358
50066804,6.0804
50066805,5.6778
50066808,5.6635
50066815,5.3645
50066828,5.3224
50066832,6.6882
50066833,6.4425
50066834,6.821
50066835,6.4976
50066836,7.1024
50066837,6.2182
50066838,6.5544
50066839,6.4962
50067498,7.7258
50067499,9.0316
50067728,6.7282
50067729,7.5376
50067730,8.6338
50067731,7.2218
50067732,8.0362
50067733,7.7447
50067734,7.3236
50067735,9.0915
50067736,7.8861
50067737,8.6734
50067738,7.8861
50067739,7.7212
50067740,9.1003
50067741,9.0655
50067742,9.4604
50068666,7.7673
50068667,6.4311
50068668,5.6865
50068669,8.2856
50070942,4.4737
50072349,5.3213
50072757,8.0706
50072769,8.2757
50072775,8.8533
50074309,6.9101
50074310,7.0889
50074314,7.1135
50074324,7.2218
50074325,5.9512
50080030,7.6576
50080032,7.6517
50080102,7.0605
50080103,7.154
50080104,7.009
50080105,9.0862
50080106,6.9868
50082768,6.644
50082769,6.857
50082771,6.1537
50082772,6.2007
50082773,5.4247
50082774,6.2588
50082775,5.5835
50082776,6.0969
50082777,7.7212
50083842,7.27
50083843,7.7212
50083844,8.9208
50083845,7.9586
50083846,7.5086
50083847,8.4486
50083848,6.4353
50083849,8.9031
50083850,6.3372
50083851,7.6021
50083852,9.1135
50083853,8.4962
50083855,5.4989
50083856,6.983
50083857,8.4318
50083858,7.7773
50083859,6.8447
50083860,8.0458
50083861,8.4737
50083862,8.3098
50083863,7.4437
50083864,8.2725
50083865,6.3487
50083866,9.0655
50083867,7.9393
50083868,8.3279
50083869,7.6799
50083870,6.7235
50083871,7.9586
50083872,6.1361
50083873,6.5129
50083874,7.3468
50083875,5.8861
50083876,8.7799
50089956,6.0878
50089958,5.6629
50089959,5.4811
50089963,5.6434
50089964,5.1576
50089965,6.067
50089968,5.6302
50089970,5.327
50092342,5.2466
50092343,7.3279
50092344,6.6498
50092345,6.9318
50092346,6.0809
50092347,7.5086
50092348,5.7199
50092581,6.3625
50092582,6.6904
50092584,8.699
50092585,6.058
50092586,7.8539
50092588,7.4815
50092589,6.2534
50092590,7.3768
50092591,5.7627
50092594,6.1669
50098184,5.7665
50098802,7
50105105,5.2154
50108987,6.3872
50108988,6.2291
50108989,6.3279
50110946,6.6925
50110949,5.4479
50110954,6.2182
50110959,7.0862
50111511,5.5971
50111513,5.333
50111518,6.5243
50111519,5.0255
50111521,5.9439
50111545,5.4781
50111563,5.3836
50114673,8.2136
50114677,6.4271
50116851,5.3979
50116862,5.2441
50116907,5.8327
50116908,6.4342
50116972,5.5129
50117177,8.1296
50117178,6.7328
50117179,6.4101
50117180,6.6326
50121425,8.8423
50121428,9.1494
50123692,8.1079
50128092,7.6198
50128093,6.7905
50128094,5.4318
50128095,8.0969
50128100,6.6108
50130622,7.2408
50130623,9.3484
50130624,9.2883
50130625,7.4929
50130626,8.7447
50130627,6.7722
50133543,7.7658
50133544,9.2441
50133545,6.5272
50133546,7.9155
50133547,8.7259
50133548,7.1688
50138895,6.7055
50138896,6.5331
50138897,7.6615
50138899,7.857
50138900,7.4377
50138901,6.9245
50138902,7.7932
50138903,7.7799
50138904,6.7077
50138905,6.2336
50138906,6.5528
50138907,6.6556
50138908,6.4711
50138909,7.1226
50138910,6.5935
50138911,6.7696
50138912,7.6162
50138913,6.0487
50138915,7.4449
50138916,6.6696
50138917,6.1469
50138918,7.266
50138919,7.279
50138921,7.3201
50138923,7.1512
50140215,7.8539
50140216,7.4949
50140217,6.4559
50140218,7.5376
50140219,8.0458
50140220,7.3545
50140221,8.301
50140222,7.9586
50140223,7.1079
50140224,7.1903
50140225,7.1805
50140226,7.0269
50140227,6.1135
50140228,6.7852
50140229,6.9957
50140230,7.041
50140231,7.4028
50140232,7.6259
50140233,7.3872
50140234,7.4815
50140235,6.5686
50140236,6.8633
50140237,7.8638
50140238,7.1805
50144609,8.0555
50144610,7.3665
50144611,7.3565
50144612,8.0177
50144613,7.3565
50144614,8.1249
50144615,8.0362
50144616,7.5376
50144617,7.8239
50144618,8.7212
50144619,8.1938
50147009,6.1407
50151870,5.2827
50151913,6.1851
50152102,5.7324
50152109,5.3944
50152110,5.3756
50153015,4.3251
50154568,5.4291
50154575,5.2329
50154578,5.3262
50154581,5.605
50154619,5.493
50154622,6.327
50154623,6.3116
50154624,6.2062
50154626,6.1445
50154636,5.9311
50154637,5.8184
50154638,5.1971
50156022,6.9666
50156023,5.9048
50156024,5.8925
50156028,6.3002
50156030,5.7224
50156093,6.1445
50156096,6.0814
50156097,5.8002
50156099,6.7986
50156100,7.9586
50156101,8.0605
50157304,6.6885
50160092,8.284
50160093,5.8861
50160094,7.1805
50160095,8.7696
50160096,6.6778
50160097,8.7212
50160098,7.6576
50160099,8.5086
50160100,8.8861
50160101,5.2218
50160102,7.1871
50160103,8.5686
50160104,7.3665
50160105,7.4949
50160106,7.4949
50160107,7.9586
50160108,8.4685
50160109,7.4559
50160110,6.3188
50160111,7.7696
50160112,8.2004
50160113,8.4559
50160114,6.0922
50160115,8.8861
50160116,7.5086
50160117,8.4685
50160118,7.2518
50160119,7.284
50160120,7.2757
50160121,7.7447
50160122,7.7447
50160123,7.0223
50160124,7.6778
50160125,8.5086
50160126,6.2757
50160127,8.1549
50160128,8.1427
50160129,7.7447
50160130,5.699
50160131,8.8239
50160132,8.7447
50160133,8.2218
50160134,6.4685
50160135,7.3872
50160136,8.5376
50160137,8.8539
50160138,8.0969
50160140,6.3979
50160141,6.6778
50160142,6.3372
50160143,8.7447
50160144,7.2366
50160145,8.7212
50160424,4
50160425,5.9311
50160427,5.706
50160428,5.7498
50160429,7.1024
50160430,5.6366
50160431,6.3206
50160432,6.068
50160434,5.5478
50160435,4.9737
50160436,5.755
50160437,4.1421
50160438,5.4487
50160439,6.6289
50160440,5.716
50160441,5.9473
50160442,6.0535
50160443,7.0757
50160444,5.9307
50160445,6.9318
50160446,6.5729
50161551,8.0969
50161552,6.2676
50161553,6.7698
50161554,8.2147
50161555,6.3336
50161556,6.3468
50161557,6.7212
50161558,5.5086
50161559,5.1549
50161560,6.301
50161561,5.2209
50161562,7.2218
50161563,7.7959
50161564,4.7206
50161565,6.585
50161566,7.7696
50161567,5.7206
50161568,5.8239
50161569,8.3872
50161570,7.0969
50161571,6.585
50161572,8.3979
50161573,5.4643
50161574,5.6538
50161575,5.7424
50161576,6.0458
50161577,5.9586
50161578,6.3279
50161579,6.699
50161580,6
50161581,7.1549
50161582,7.3372
50161583,7.1549
50161584,6.0458
50161585,8.284
50163111,7.5686
50163112,7.8539
50163113,6.7055
50163114,6.4179
50163115,7.4559
50163116,6.644
50163117,7.4685
50163118,6.767
50163119,7.5686
50163120,7.5229
50163122,7.5229
50163123,6.3947
50163124,7.1938
50163125,6.4486
50163126,7.4559
50163127,6.7645
50163128,7.284
50163129,7.2218
50163130,6.399
50163131,6.4776
50163132,7.6383
50163133,6.9747
50163134,7.2596
50163135,7.0269
50163136,7.4437
50163137,6.082
50163138,7.4815
50163139,7.7212
50163140,7.5376
50164428,5.659
50164429,6.2299
50164430,5.7399
50164431,6.06
50164432,6.1403
50164433,5.7501
50164435,5.4201
50164436,5.26
50164437,5.4401
50164438,5.6801
50164439,5.76
50164440,5.66
50164441,6.0031
50164442,5.8502
50164443,5.46
50165673,5.6017
50165674,5.8077
50165675,5.9706
50165676,5.7324
50165677,5.5481
50165678,6.4202
50165679,5.9307
50165680,6.083
50165681,5.5106
50165682,6.0434
50165683,5.5981
50165684,5.2139
50165685,6.2604
50165686,5.4427
50165687,5.7307
50165691,6.2111
50169950,7.5331
50169951,8.1675
50169952,7.3134
50169953,7.4572
50169954,7.0985
50171285,6.04
50171290,8.4559
50171296,7.6506
50172158,7.1687
50172897,7.2218
50172898,6.8182
50172899,7.5229
50172900,6.8097
50172901,6.6799
50172902,6.9031
50172903,6.9318
50172904,6.6364
50172905,6.8508
50172906,7.4949
50172907,7.6198
50172908,6.0799
50172909,6.6517
50172910,7.1249
50174316,7.9586
50175104,6.2218
50175105,5.6198
50175107,6.8239
50175108,6.5229
50175109,6.1594
50175112,6.2218
50175114,6.3979
50175117,6.2614
50175119,5.943
50175120,6.4604
50175121,5.6198
50175122,5.8099
50175123,5.3098
50175126,6.699
50175128,6.301
50175130,5.5528
50175132,5.1938
50175134,6.301
50175136,5.2676
50175137,5.4318
50175138,6.301
50176401,7.5528
50176402,9
50176403,9.1109
50176404,8.2474
50176405,7.4202
50176406,7.8099
50176407,9.8495
50176408,7.585
50176409,8.3979
50176410,8.412
50176411,9.7615
50176412,8.3495
50176413,8.699
50176414,8.054
50176415,8.5713
50176416,8.7615
50176417,7.699
50176418,9
50176419,7.6778
50176420,8.6383
50176421,6.9543
50176422,7.1135
50176423,8.284
50176424,8.6383
50176425,7.4529
50176426,7.2596
50176427,7.585
50176428,7.0177
50176429,7.4949
50176430,7.6198
50176431,8.4318
50176432,6.9208
50176433,7.3372
50176434,7.6198
50176435,8.1249
50176436,7.699
50176437,7.8239
50176946,6.7447
50176947,5.9469
50176948,5.8861
50176950,5.3716
50176951,8.284
50176954,6.6778
50176957,4.9031
50176959,5.5229
50176961,5.4815
50176965,5.301
50176967,5.5229
50176968,5.2596
50176970,6.0969
50176983,7.8239
50176988,8.8366
50177155,6.301
50177156,5.5607
50177157,5.7212
50177158,5.7447
50177159,5.9586
50177160,6.1249
50177161,5.5376
50177162,6.1871
50177163,5.9031
50177164,5.8239
50177165,5.1518
50177166,5.4622
50177167,5.5376
50179978,7.9278
50179980,7.5536
50179982,7.0212
50179983,7.2375
50179985,8.0819
50179986,6.9227
50180021,5.9378
50180022,6.9699
50180026,5.7156
50180027,5.389
50180028,5.9809
50180036,7.4002
50180040,7.3763
50181455,5.4799
50181456,5.6649
50181457,5.1529
50181458,6.0434
50181459,5.7265
50181460,6.6144
50181461,5.8395
50181462,6.1599
50181463,6.4522
50181465,5.1765
50181466,5.6988
50181467,5.2
50181468,5.19
50181469,5.6757
50181470,5.3038
50181471,5.2009
50181472,5.395
50185034,6.3279
50185035,5.4089
50185037,5.4559
50186533,6.2441
50187665,4.4473
50195526,6
50195530,7.2656
50195531,6.6372
50195532,7.5783
50198505,8.1675
50198506,6.0362
50198507,8.6576
50198509,7.3979
50198510,7.699
50198511,8.1024
50198512,7.1739
50198513,8.1249
50198514,7.6383
50198515,7.9208
50198516,8.1249
50198517,8
50198518,6.4089
50198519,8.4559
50198521,8.0315
50198523,7.1308
50198524,7.7696
50198525,8.2218
50198526,8.3872
50198527,7.6576
50198528,7.699
50198529,8.2596
50198530,6.6198
50198531,7.7212
50198532,8.5528
50198533,6.3468
50198535,8.0088
50198536,6.699
50198537,7.7959
50198538,7.4318
50200169,6.4401
50200170,6.0798
50200828,8.5229
50200830,8.8225
50200831,8.7447
50200833,9.2843
50200835,8.6021
50200836,8.8828
50200837,7.3188
50200838,8.6958
50200839,8.7959
50200841,9.4278
50200842,7.699
50200844,8.914
50202419,8.8239
50202511,6.2857
50202514,5.8623
50202515,6.5513
50202516,5.2272
50202519,5.9965
50202521,5.9219
50202523,6.2967
50202529,5.5814
50202539,6.1986
50202540,5.4275
50202541,5.3399
50202543,6.4989
50204169,7.9208
50204170,7.9586
50204171,7.9208
50204172,7.9586
50204173,8.2291
50204174,8.4318
50204175,8
50204176,8.2441
50204177,7.4089
50204178,8.4559
50204179,8.4089
50204180,8.4202
50204181,7.7212
50204182,7.0969
50204183,9.041
50204184,7.9586
50204185,8.3979
50204186,7.5686
50204187,8.2441
50204188,7.8539
50204189,7.5376
50204190,7.0506
50204191,7.3565
50204192,7.301
50204193,7.4318
50204194,8.2518
50204195,8.1549
50204196,6.9666
50204197,8.1805
50204198,6.8125
50204199,7.585
50204200,7.699
50204201,6.7825
50204202,7.6021
50204203,7.4202
50205157,7.3556
50205159,7.6383
50205160,8.1487
50205161,7.7959
50205162,6.5494
50205163,7.4168
50205164,8.4949
50205165,7.7959
50205166,9.5229
50205167,8.5528
50205168,7.2716
50205169,7.5258
50205171,5.7728
50205172,8.1308
50205173,7.7144
50205174,7.8125
50205175,7.4295
50205176,7.9706
50205177,8.0132
50205178,6.0731
50205179,7.9431
50205180,5.69
50205181,8.2924
50205182,7.1238
50205183,7.9101
50205184,7.68
50205185,7.8239
50205186,7.6757
50205187,7.3788
50205188,7.6635
50205189,7.857
50207240,5.1841
50207244,6.0379
50207246,5.2006
50207247,5.1212
50207251,5.4577
50207254,5.4237
50207255,6.199
50207258,6.1109
50207265,5.1249
50207267,5.2282
50207269,5.1841
50207271,6.0567
50208947,7.4685
50208948,8.6576
50208949,7.7447
50208950,6.8861
50208951,8.3098
50208952,7.5376
50208953,6.5686
50208954,7.6021
50208955,8.3372
50208956,8.0862
50208957,6.2076
50208958,7.4437
50208959,7.3872
50208960,7.4089
50208961,7.6778
50208962,6.0362
50208963,7.0132
50208964,7.7212
50208965,7.6576
50208966,7.6576
50208967,7.699
50208968,8.301
50208969,8.2007
50208970,7.7696
50208971,8
50208972,8.2441
50208973,8.1427
50208974,8.7212
50208975,8.4318
50208976,7.7696
50208977,7.5376
50208978,8.1612
50208979,7.7447
50208980,7.0223
50208981,5.9586
50208982,8.0458
50208983,6.0269
50208984,7.1249
50211604,8.4437
50211605,7.2475
50211606,6.6904
50211607,5.5608
50211608,6.5114
50211609,8.3872
50211610,8.5376
50211611,8
50211612,6.8665
50211613,6.7167
50211614,7.6576
50211615,6.9245
50211616,8.3098
50211617,8.9586
50211618,7.2366
50211619,9.0458
50211620,8.301
50211621,7.7696
50211622,6.8894
50211623,8.2366
50211624,5.9027
50211626,8.1549
50211627,8.6021
50211628,8.4318
50211629,8.6021
50211630,7.6778
50211631,7.2168
50211632,8.8861
50211633,5.8952
50211634,6.9393
50211635,5.4031
50211636,8.8539
50211637,7.8416
50211638,8.0506
50211639,7.6021
50211640,5.959
50211641,6.8539
50212239,5
50212395,8.6198
50212599,5.7122
50213136,6.4437
50213137,6.0757
50213138,5.4089
50213139,7.6383
50213140,6.4949
50213141,8.7696
50213143,6.7959
50213144,6.4318
50213145,5.8239
50213148,6.6383
50213149,8.3372
50213150,8.5376
50213151,7.6198
50213152,6.4318
50213153,6.9208
50213154,7.8861
50213155,8.7696
50213156,5.6576
50213157,6.2218
50213158,7.0969
50213160,7.8239
50213162,6.4949
50213163,8.2274
50213164,8.7447
50213165,5.8539
50213167,7.3098
50213168,5.9586
50213169,7.5686
50213170,7.0177
50213171,7.041
50213173,8.284
50213175,7.4089
50213176,7.4685
50213462,7.6021
50213463,6.6234
50213464,6.6925
50213465,7.3468
50213466,6.7496
50213467,7.7447
50213468,7.8539
50213469,5.4148
50213470,6.8013
50213471,6.9788
50213472,6.9586
50213473,6.5229
50213474,5.0742
50213475,6.7496
50213476,7.2291
50213477,7.4089
50213478,7.4815
50213479,7.301
50213480,6.7773
50213481,5.6232
50213482,6.2
50213483,6.5003
50213484,6.6253
50213485,6.3372
50213486,8.301
50213487,6.1831
50213595,6.8681
50213596,6.1781
50213597,6.4983
50213598,6.1214
50213599,9.3665
50213600,6.5918
50213601,6.5272
50213602,6.1976
50213603,7.7212
50213604,5.899
50213605,9.0269
50213606,7.2303
50213607,9.4685
50213608,6.7212
50213609,8.6606
50213610,6.8508
50213611,8.4089
50213612,8.5686
50213613,7.8539
50213614,7.9626
50213881,6.9136
50213882,5.8996
50213883,6.9431
50213884,7.3565
50213885,6.3788
50213886,7.7615
50213887,6.762
50213888,6.2668
50213889,7.8239
50213890,6.1481
50213891,6.9666
50213892,6.1175
50213893,7.0706
50213895,6.6144
50213896,5.8239
50213897,7
50213898,5.762
50213899,7.8861
50213900,6.6091
50213901,6.1733
50213902,6.4023
50213903,6.4461
50213904,7.0223
50213906,6.289
50215224,7.2218
50215227,6.1249
50215228,6.7212
50215229,7.2518
50215230,6.8861
50215231,7.8861
50215232,8.284
50215234,6.5086
50215235,6.1249
50215238,6.585
50215239,6.7696
50215240,7.7959
50215242,6.2924
50215243,5.5498
50215244,5.6778
50215245,6.2518
50215246,5.6778
50217074,5.699
50217077,5.585
50217078,5.8539
50217213,9.0969
50217214,8.7447
50217215,8.699
50217216,9.1458
50217217,9.1135
50217218,8.8861
50217220,9.3279
50217221,9.0458
50217222,9.0458
50217223,9.0458
50217224,8.7447
50218116,7.027
50218118,5.9586
50218119,6.7959
50218120,6.5229
50218121,7.6021
50218122,6.0315
50218123,7.3188
50218270,5.7696
50221708,6.7103
50221709,6.8816
50221710,8.068
50221711,8.0521
50221712,7.0638
50221713,7.1025
50221714,8.5622
50221715,8.2588
50222785,6.8239
50222786,5.2088
50222787,7.6968
50222788,5.6325
50222789,5.8952
50222790,6.158
50222792,5.5619
50222793,6.219
50222794,5.6714
50222795,6.71
50222796,5.5355
50222797,6.5544
50222798,6.0872
50222799,5.8318
50222800,6.58
50222801,5.7421
50222802,5.1413
50222803,6.4698
50222804,6.7545
50222805,7.1785
50222806,5.5198
50222807,6.3788
50222808,6.1818
50222809,6.4672
50222810,6.5867
50222811,6.8633
50222812,6.1085
50222814,6.0119
50222830,5.3872
50222831,7.7212
50222832,5.9208
50222833,6.0809
50222834,5.7212
50222836,5.9586
50222837,5.8239
50222841,7.2757
50222843,5.4559
50222844,6.1612
50222845,6.8539
50225147,6.2518
50225148,6.5376
50225149,6.2518
50225150,5.2518
50225152,7.7696
50225154,6.2076
50225155,5.5528
50225156,6.7696
50225157,5.5346
50226179,6.5736
50228072,6.3979
50230537,8.1079
50232933,6.9393
50232934,6.4377
50232935,7.4815
50232936,6.6108
50232937,7.6021
50232939,6.4921
50232942,6.3307
50234380,8.8127
50234402,5.5
50234418,5.4893
50239215,6.5086
50240605,5.4733
50240606,5.6609
50240608,5.6897
50242537,6.3726
50242539,6.5003
50242548,6.8928
50242549,6.6459
50242556,6.3556
50242557,6.1373
50242558,5.983
50242565,6.5638
50242566,6.3536
50242567,6.71
50242568,6.7878
50242582,7.9316
50242598,6.4685
50242599,6.4763
50242600,6.7305
50242601,6.6904
50243535,9.2998
50243536,9.5324
50243545,8.8075
50243546,7.8464
50243547,8.7004
50243560,7.9499
50243561,9.3015
50243587,8.9996
50243588,9.5619
50243589,9.269
50243593,9.4284
50243594,9.0848
50243608,9.2619
50243609,9.2411
50243610,8.9125
50243611,8.8502
50243612,9.2452
50243625,9.269
50243626,9.3413
50243627,9.5536
50243637,9.0997
50243644,9.0913
50243645,9.4396
50243706,5.9176
50243717,8.0339
50243718,8.5654
50243719,7.8633
50243861,5.365
50243961,5.3298
50244009,5.3778
50244010,5.6205
50244060,5.5837
50244098,5.3435
50244178,5.605
50244214,5.459
50244244,4.7848
50244252,8.5045
50244281,8.5969
50244282,7.4634
50244283,7.9586
50244284,8.7328
50244316,5.5065
50244317,6.3089
50244318,6.9586
50244319,6.3915
50244320,8.752
50244321,7.1186
50244322,8.279
50244323,7.7258
50244351,5.3218
50244357,8.5528
50244358,8.2984
50244359,8.7986
50244360,8.4384
50246638,6.5229
50246639,5.8539
50247204,6.6778
50247205,5.9586
50247390,4.7959
50247415,6.0706
50247416,5.585
50247428,6
50247429,5.9586
50247430,5.8861
50248604,6.4447
50248606,7.0284
50249585,6.7447
50249594,5.9586
50249595,6
50251115,6.098
50251130,7.202
50251131,7.3063
50251132,6.8356
50251133,6.5436
50253298,8.7696
50253299,8.585
50253300,8.6778
50253301,7.4855
50253329,7.6635
50253474,7.219
50253475,7.6778
50253476,8.1487
50253477,7.9788
50253527,8.1367
50253528,8.1079
50253529,8.2147
50253530,7.1851
50253554,7.8962
50253555,7.6345
50253556,7.0841
50253557,6.9059
50253587,7.3665
50253704,7.4461
50253705,7.3904
50253755,7.2993
50253756,6.7994
50253757,8.5229
50253758,8.3889
50253804,8.1024
50253805,8.5378
50253806,8.7796
50253807,8.6153
50253826,8.9269
50253843,8.5678
50253844,8.4857
50253845,8.2924
50253846,7.6655
50253861,7.3861
50253862,9.1221
50253863,7.3723
50253881,7.5607
50253882,7.2373
50253883,7.6861
50253884,7.1844
50253915,7.5482
50253916,7.6162
50253917,8.8539
50253918,8.8861
50256074,5.9306
50256075,6.7724
50256119,7.1746
50256120,6.6914
50256121,6.8404
50256122,7.7144
50256170,6.5814
50256171,7.9355
50256172,6.3476
50256173,7.5901
50256218,8.0315
50256219,7.3098
50256220,7.5086
50256221,6.2048
50256222,6.2882
50256271,7.0867
50256272,7.3107
50256273,7.1884
50256274,7.6459
50256315,7.2291
50256316,6.8182
50256317,9
50256318,9.0458
50256319,9
50256332,6.6002
50256377,7.7696
50256378,8.3098
50256379,8.2827
50256380,8.0362
50256381,7.8539
50256430,8.3098
50256431,7.8539
50256432,7.1192
50256433,6.9957
50256747,5.3471
50258525,6.2518
50258526,6.2518
50258527,7.2518
50258569,5.2518
50258570,6
50258571,5.1582
50258572,6.0177
50258604,8.0177
50258605,7.7447
50258606,5.7959
50258607,5.2794
50258608,5.8184
50258652,6.699
50258653,6.5229
50258654,6.699
50258726,6.8761
50258727,6.7496
50258738,6.9272
50258739,7.1549
50258740,7.1308
50258766,6.9567
50258767,7.5229
50258768,7.2296
50258769,7.0985
50258770,5.8729
50258771,6.8729
50258772,6.8794
50258781,6.2874
50258782,6.4763
50258783,5.8996
50258784,6.5376
50258785,6.7212
50258786,6.6364
50258802,6.4525
50258807,6.0757
50258818,6.8508
50258826,7.091
50258834,6.4711
50258835,6.2284
50258836,6.3372
50258863,5.8041
50258864,5.8827
50258865,6.6126
50258866,7.0915
50258867,7.0223
50258868,6.71
50259094,6.8861
50259136,6.7212
50259137,5.6021
50259138,5.8239
50259139,8.1308
50259140,8.2218
50259181,7.3979
50259182,7.9586
50259183,7.2291
50259184,7.7959
50259222,9.2007
50259223,8.7212
50259224,8.6576
50259225,8.5686
50259269,8.3872
50259270,6.8239
50259271,8.1249
50259272,8.0706
50259336,8.0223
50259337,8.9586
50259338,7.0862
50259339,8.7212
50259389,7.4685
50259390,8.2291
50259391,9
50259392,8.4949
50259491,8.5229
50259492,8.9586
50259493,8
50259494,7.5528
50259544,7
50259574,8.0969
50260120,6
50260511,5.6778
50260626,5.5654
50260673,5.8297
50260681,8.7289
50260682,9.041
50260709,5.8794
50260712,7.1612
50260717,8.757
50260718,8.7799
50260719,7.8251
50260720,8.5467
50260750,5.5214
50260753,5.8359
50260765,7.4904
50260766,8.0083
50260767,9.1739
50260768,9.0605
50260803,8.7169
50260804,8.7055
50260805,9.0969
50260806,9.4437
50261052,5.762
50261099,5.821
50261202,5.5528
50261233,6.4949
50263032,6.5528
50263033,7.2366
50263034,6.2518
50263035,5.6576
50263073,6.2518
50263074,6.6576
50263075,6.2518
50263114,6.2518
50263115,6.2518
50263116,6.2518
50263117,6.0458
50263151,5.4685
50263152,5.6576
50263153,5.7212
50263154,6.2518
50263155,5.7959
50263197,6.0969
50265621,5
50265647,6.4191
50265747,5.9772
50265755,5.5039
50265756,5.8604
50265758,5.2963
50266807,7.4949
50266808,7.4815
50266809,7.8539
50266830,6.8827
50266832,8.699
50266833,7.9872
50266864,7.6198
50267256,5.5229
50267257,6.7696
50267258,7.7959
50267259,6.8239
50267260,6.3279
50267354,5.4559
50267372,7.1304
50267373,7.9586
50267374,8.3279
50267375,7.8861
50267403,5.1938
50267404,5.0132
50267405,5.0132
50267406,5.0132
50267407,5.3768
50267484,8.301
50267485,8.2218
50267486,8.301
50267487,9.1109
50267543,7.585
50267544,6.3979
50267545,9.6505
50267582,7.2822
50267583,8.2218
50267584,9.301
50267585,9.5229
50267602,6.5003
50267603,7.2518
50267615,8.0969
50267616,8.0969
50267617,8.699
50267634,5.5
50267635,5.5
50267636,5.6
50267638,6.1002
50267650,8.3979
50267651,8.0969
50267652,8.301
50267671,6.5528
50267672,5.6536
50267673,6.699
50267674,8.2518
50267686,8.8239
50267687,9.1549
50267688,9.2218
50267711,7.699
50267712,6.7696
50267714,5.6383
50267728,8.1549
50267729,7.301
50267730,9.5229
50267753,7
50267754,6
50267755,5.2676
50267756,5.4685
50267771,6.585
50267772,6.3979
50267773,6.3768
50267774,7.0223
50267775,9.5229
50267776,8.0458
50267777,7.699
50267799,5.5498
50267820,6.699
50267821,6.1079
50267823,6.699
50267824,7
50267825,6.3979
50267869,6.5086
50267870,5.3279
50267871,6.5376
50267872,6.3979
50267873,8
50267874,8.5229
50267903,6.1549
50267904,5.5528
50267905,5.0458
50267906,5.5086
50267907,9.699
50267908,8
50267941,6.0969
50267942,6.6576
50267943,6.6383
50270539,6.8239
50270540,7.6105
50271285,7.6066
50271286,6.7066
50271287,8.0138
50271288,6.7093
50272342,5.5986
50272388,5.9136
50272389,5.5719
50272390,6.1314
50272391,6.1574
50272423,6.0017
50272424,6.1938
50272425,5.6778
50272461,6.8545
50272462,7.5122
50272463,7.8447
50272464,6.7959
50272485,7.5272
50272486,8.2757
50272508,8.2147
50272509,7.5528
50272546,5.58
50272567,7.8239
50272598,7.7906
50274019,5.5086
50274020,5.7212
50274021,5.2441
50274056,5.0757
50274180,5.2218
50274181,5.0655
50274182,5.7696
50274183,5.585
50274779,5.6383
50277136,6.2924
50277137,6.1249
50277152,6.1938
50277153,6.5769
50277154,6.1024
50277155,5.7447
50277192,6.4089
50277193,6.8861
50277194,6.699
50277195,6.585
50277196,6.8861
50277224,6.2518
50277226,6.8539
50277227,6.5086
50277228,6.2757
50277266,5.9586
50277267,5.9586
50277268,6.1135
50277269,6.5686
50277270,6.1308
50277305,5.8539
50277306,5.1555
50277307,5.9208
50277308,5.9208
50277309,6.3279
50277339,5.4685
50277340,5.9208
50277341,5.7212
50277343,6.5686
50277377,5.9586
50277379,5.5376
50278418,7.8633
50279009,7.0814
50279010,7.262
50279011,6.9706
50279046,6.0687
50279047,5.9544
50279048,6.604
50279049,7.0214
50279084,6.7055
50279085,6.488
50279086,7.8894
50279087,7.3242
50279123,7.7878
50279124,6.6741
50279125,7.7986
50279126,8.2007
50279166,7.9208
50279167,7.3716
50279168,7.3575
50279169,7.2725
50279202,7.4868
50279203,7.6421
50279204,7.8356
50279205,7.9101
50279239,7.4737
50279240,7.4711
50284000,8.0223
50286425,5.8871
50287801,5.3363
50287802,4.9891
50287803,6.057
50287804,4.7747
50287805,5.2541
50287806,5.4958
50287807,5.5929
50287808,5.7645
50287809,5.4437
50287810,5.1752
50287930,8.6576
50287933,7.1202
50287934,8.7447
50287935,7.1024
50287936,7.4089
50287937,6.4559
50287938,6.2069
50287939,5.3909
50287940,5.3109
50287941,8.6576
50287942,7.0132
50292278,6.5331
50292882,5.5528
50295926,5.8611
50296142,6.644
50296143,6.5918
50296144,6.5784
50296145,6.5638
50296146,6.5421
50296147,6.5114
50296148,6.4881
50296149,6.284
50296150,6.284
50296151,6.214
50296152,6.058
50296153,5.9872
50296154,5.9792
50296155,5.9642
50296156,5.9292
50296157,5.8318
50296158,5.7943
50296159,5.7535
50296160,5.7115
50296161,5.6442
50296162,5.6385
50296163,5.6356
50296164,5.6205
50296165,5.5862
50296166,5.5661
50296167,5.5552
50296168,5.4035
50296169,5.1255
50296170,6
50296484,6.2518
50296485,8.1549
50298915,7.2518
50298916,6.0757
50298917,7.3872
50298918,7.0044
50298919,7.2676
50298920,7.301
50298921,6.7825
50298922,7.2518
50298923,6.2518
50298924,6.2518
50298925,5.6198
50298926,6.4202
50298927,6.0232
50298928,6.5086
50298929,7.0969
50298930,6.4622
50298931,6.4685
50298932,5.6778
50298934,7.0969
50298935,8.2518
50298936,7.9208
50298937,7.4437
50298938,6.4089
50298939,7
50298941,8.4685
50298942,7.8539
50298943,7.5086
50298944,8.2518
50298945,7.301
50298946,6.6198
50298947,7.1549
50298948,5.8861
50298949,7.2518
50298950,6.8239
50298951,6.8069
50298952,6.9508
50298953,6.9318
50298954,7.5229
50298955,6.8416
50298956,7.0458
50298957,7.0177
50298958,7.699
50298959,7.0757
50298960,6.6615
50298961,6.4342
50298962,6.8041
50298963,7.1549
50298964,6.644
50298965,6.8539
50298966,6.9208
50300455,7.3665
50300456,7.1308
50300457,7.3279
50300458,7.9136
50301027,8.1249
50301028,7.9136
50301029,7.7471
50301030,8.7959
50301031,7.4237
50301032,7.3098
50301033,7.308
50301034,7.3363
50301035,7.3215
50301036,7.71
50301037,8.0655
50301038,6.7305
50301039,6.5214
50301040,6.6925
50301041,7.0132
50301042,7.9957
50301043,5.5255
50301044,6.8794
50301045,6.8665
50301306,6.9586
50301311,5.4685
50301312,5.2007
50301313,5.7959
50301315,6.301
50301316,6.2676
50301317,5.9586
50301318,5.8539
50301319,5.6778
50301320,5.0458
50301321,5.7696
50301322,5.4089
50301735,8.1192
50301738,8.0458
50301739,10
50301743,8.0458
50301745,8.301
50301746,8.3279
50301747,10
50301748,8.1024
50301749,8.4202
50301751,8.284
50301752,8.0223
50302295,5.3665
50302299,5.7447
50302302,5.9586
50302304,5.6021
50302305,5.4202
50303524,5.3665
50303525,7.041
50303526,6.8239
50303527,7.5902
50303529,5.6576
50303531,6.1675
50303532,6.1487
50303533,6.1805
50303534,7.4089
50303537,5.7375
50303538,6.4202
50303539,6.6778
50303540,5.6925
50303541,7.3188
50303542,5.7212
50303544,5.6576
50303545,6.5086
50303547,6.1549
50303548,6.8297
50303549,5.699
50303550,5.3768
50303551,6.4559
50303553,6.5528
50303554,6.1427
50303555,6.6576
50303556,6.2007
50303557,7.041
50303558,8.2596
50303563,5.6676
50303565,6.1024
50303566,6.2549
50303570,6.2692
50303571,7.2076
50303572,7.1367
50303573,5.4737
50303574,5.8386
50303575,6.8827
50303577,5.51
50303581,6.2104
50303582,6.4413
50303583,5.7878
50303835,8.5086
50303836,7.7212
50303837,8.0177
50303838,7.5686
50303839,7.3768
50303840,7.2676
50303841,7.3188
50303842,7.0555
50303843,6.1543
50303844,7.8539
50303845,7.3665
50303846,7.5086
50304914,5.9586
50304915,5.5086
50304916,6.1079
50304917,5.6021
50304918,6.0809
50304919,6.8539
50304920,5.7696
50304921,5.8539
50304922,5.4685
50304923,5.4202
50304924,5.7447
50304925,5.6778
50304926,6.1871
50305388,8.4685
50305389,7.5686
50305390,7.699
50305391,7.7696
50305392,6.7011
50305393,8.6576
50305394,5.5513
50305395,8.6778
50305396,8.9208
50305397,8.5787
50305398,8.585
50305399,8.3872
50305400,8.3768
50305401,8.7959
50305402,8.1549
50305403,9.2924
50305404,9.1549
50305405,8.2518
50305406,5.9547
50305407,7.9586
50305408,7.2441
50305409,7.8539
50305410,7.7447
50305411,7.7212
50305412,7.2596
50305413,7.7959
50305414,7.8239
50305415,9.3872
50305416,8.1079
50305417,8.7696
50305418,8.2366
50305419,8.7212
50305420,8.4348
50305421,7.1487
50305422,9.3098
50305423,9.284
50305424,8.7959
50305425,8.6576
50305426,7.5086
50305427,8.9208
50305428,8.1367
50305429,5.3516
50305430,5.2041
50305431,7.8861
50305432,9
50305433,8.4202
50305434,8.0362
50305435,8.5229
50305436,7.6383
50305437,8.2441
50305438,8.6778
50305439,8.2441
50305440,9.6576
50305984,8.6198
50305985,8.5376
50305986,8.2366
50305987,8.3468
50305988,8.2757
50305989,5.3872
50306009,5.0044
50306010,5.1612
50306011,5.7918
50306013,6.0458
50306014,5.6021
50306016,5.6021
50306017,5.6576
50306018,5.6021
50306019,6.2518
50306214,8.8949
50306215,9.2147
50306216,8.8154
50306217,8.3423
50306218,7.585
50306219,7.2924
50306220,9.2924
50306221,9.2676
50306222,9.4354
50306223,8.7212
50306224,8.4202
50306225,9.1752
50306226,8.6212
50306227,7.6778
50306228,8.8239
50306229,8.9586
50306230,9.0116
50306231,8.8507
50306232,9.3196
50306233,8.704
50306234,9.5683
50306235,9.3604
50306236,8.6213
50306237,7.8114
50306238,7.5229
50306239,8.6763
50306240,8.4687
50306526,6.02
50306528,9.6198
50306529,7.1688
50306530,7.9318
50306531,5.8729
50306532,6.4776
50306534,5.7352
50306542,6.2104
50306543,5.7645
50308537,6.7077
50308539,6.4908
50308540,6.1349
50308546,5.5414
50309027,8.041
50309028,7.7959
50309029,7.4559
50309030,8.2007
50309031,7.4815
50309032,7.2007
50309033,7.7447
50309034,7.4815
50309035,7.2441
50309036,7.8861
50309037,6.3458
50309038,7.3565
50309039,6.1612
50309040,6.2565
50309041,8.0969
50309042,7.2441
50309043,8.2924
50309044,7.3768
50309045,8.2366
50309046,8.3768
50309047,8.4202
50309048,7.2147
50309049,8.301
50309050,8.2218
50309051,6.8013
50309052,6.8761
50309053,6.3307
50309054,7.8239
50309055,6.9626
50309057,7.1427
50309058,6.1463
50309059,6.3526
50309060,6.9508
50309061,8.6383
50309062,7.3188
50309533,5.3985
50309534,5.311
50309535,5.5217
50309536,5.2641
50309537,5.8471
50309539,5.7001
50309540,5.3817
50309995,7.5498
50310000,8.6003
50311076,8.4685
50312578,6.7852
50312579,7.284
50312580,6.6216
50312581,6.9747
50312582,8.416
50312583,6.7786
50312584,7.7978
50312585,7.9586
50312586,7.9026
50312587,7.6295
50312588,7.7076
50312589,6.5361
50312590,6.2651
50312591,8.134
50312592,7.3849
50312593,7.2518
50312594,6.9547
50312595,6.8746
50312596,8.6244
50312597,8.7219
50312598,7.7158
50312599,9.1963
50312600,8.1734
50312601,7.8356
50312602,8.2136
50312603,8.0825
50312604,8.3468
50312819,6.982
50312820,8.0362
50312821,7.6779
50312822,8.699
50312823,7.2366
50312824,7.0757
50312825,7.6635
50312826,7.2757
50312827,7.4318
50312828,7.9469
50312829,6.8508
50312830,7.2596
50312831,8.1249
50312832,7.8386
50312833,8.3279
50312834,6.8539
50312835,7.3768
50312836,6.3344
50312841,6.2984
50314108,8.3665
50314109,7.2518
50314110,7.7696
50314111,7.8861
50314112,8.7212
50314113,8.7696
50314114,8.4559
50314115,8.2596
50314116,8.3665
50314117,7.699
50314118,9.2366
50314119,9.4089
50314120,8.9208
50314121,8.9208
50314122,9.3979
50314123,8.2676
50316513,9
50316514,8.4209
50316515,8.7696
50316516,8.1871
50316517,8.7447
50316518,9.1549
50316519,9.1549
50316520,9.2218
50316521,8.3979
50316522,8.8861
50316523,8.6778
50316524,9.699
50316525,9.301
50316526,8.8539
50316527,9.699
50316528,9.5229
50316529,9.699
50316530,8.699
50316531,9.2218
50316532,9.2218
50316533,8.8861
50316534,8.9208
50316535,7.2518
50316536,8.9586
50316537,6.3188
50316538,8.1163
50317245,7.699
50317246,8.0506
50317248,7.9208
50317249,7.2924
50317250,8.5229
50317251,7.9208
50317252,7.8861
50317253,8
50317254,7.9208
50317255,7.5686
50317256,7.4685
50318477,5.1308
50318484,5.5434
50318486,6.1463
50318487,5.9171
50320172,6.9586
50320173,7.3372
50320174,8.7696
50320175,8.6778
50320176,8.7696
50320177,8.5229
50320178,7.0132
50320179,7.8539
50320180,8.4318
50320181,8.7447
50320182,6.1024
50320183,8.8861
50320184,9.5229
50320185,9.1549
50320186,9.3979
50320187,9.699
50320188,6.8861
50320189,7.0969
50320190,7.7212
50320191,8.3665
50320192,7.3279
50320193,6.9208
50320194,7.8239
50320195,7.6778
50320196,8.4949
50320197,8.7212
50320198,8.7696
50320199,7.6383
50320200,8.0862
50320201,8.3098
50320202,7.8239
50323006,8.8539
50323607,9.2291
50323608,7.6576
50323609,6.4685
50323610,7.6021
50323611,5.8861
50323612,6.0915
50323613,5.699
50324630,5.6819
50324632,6.3372
50324644,6.2924
50324645,6.4437
50324646,6.6096
50324652,7.5272
50324655,6.0458
50324657,5.4935
50324658,8.5528
50324659,5.7212
50324660,5.7696
50324663,6.3188
50325035,6.9031
50325036,6.5376
50325575,7.8477
50325576,7.3478
50325577,7.4949
50325578,7.7144
50325579,7.284
50325580,7.8153
50325581,7.9245
50325582,7.4802
50325583,7.1549
50325584,7.8131
50325585,6.7852
50325586,8.0458
50325587,7.7932
50325588,8.0362
50325589,6.9281
50325590,8.3279
50325591,8.2147
50325592,8.1308
50325593,7.2924
50325594,7.8153
50325595,7.7932
50325596,7.8069
50325597,8.1938
50325598,7.1675
50325599,8.4868
50325879,6.983
50325880,7.1938
50325881,6.5702
50325882,7.6778
50325883,7.1367
50325884,7.2924
50325885,7.2366
50325886,7.4318
50325887,7.3468
50325888,8.1549
50325889,7.3468
50325890,8.5229
50325891,7.6383
50325892,8.1549
50325893,7.5686
50325894,8.301
50325895,7.7212
50326618,6.5686
50328950,7.2174
50328951,7.254
50328952,8.1329
50328953,7.342
50328954,7.0687
50328955,6.8336
50328956,8.4897
50328957,8.0592
50328958,7.5204
50328959,6.5478
50328960,8.1066
50328961,7.6179
50328962,6.921
50328963,5.8067
50328964,6.8169
50328965,7.6614
50328966,7.8048
50328967,8.0458
50328969,6.1038
50330773,8.9208
50332872,6.2594
50332873,6.5645
50332874,7.0915
50332875,6.2721
50332876,6.9062
50332877,6.6757
50332878,6.5375
50332879,6.9097
50332880,6.7397
50332881,6.4291
50332882,6.5067
50332883,7.0123
50332884,6.4339
50332885,6.2849
50332886,7.0482
50332887,7.3224
50332888,7.341
50332889,6.8027
50332890,6.6317
50332891,6.8219
50332892,6.7133
50332893,7.426
50332894,6.9801
50332895,7.0424
50334011,6
50334565,6.3429
50334567,6.2277
50334568,6.2248
50334569,6.032
50334570,6.8827
50334582,6.2034
50334583,6.4342
50334589,7.2907
50334590,7.4634
50334591,6.8729
50334592,6.4157
50335931,7.2757
50335932,5.9586
50335933,5.3872
50335934,8.2368
50335936,6.3188
50335939,5.7696
50335940,7.0223
50335941,7.3768
50335942,5.6778
50335945,5.7447
50335946,6.1871
50335947,5.2641
50335948,5.8471
50335949,7.5528
50335950,8.8861
50340310,5.5909
50340311,5.6519
50340312,7.0458
50340313,6.4597
50340314,4.8962
50340315,7.1675
50340318,6.1518
50341131,6.7011
50341132,6.8508
50341919,5.3719
50341920,6.0315
50341922,6.0164
50341923,5.6942
50341927,5.3427
50341928,6.5058
50341929,6.7258
50341933,5.8159
50341934,6.5834
50341935,5.4633
50341936,5.9991
50341951,5.2993
50341957,5.4628
50341962,5.3932
50342037,7.8041
50342038,7.2062
50342039,7.2596
50342040,6.1675
50342042,6.9393
50342044,6.4486
50342045,6.5867
50342046,6.5272
50342049,6.301
50342050,6.3595
50347350,7.9586
50347351,9.7447
50347352,7.7825
50347353,8.9208
50347354,7.9586
50347355,8.8861
50347356,7.7212
50347357,7.4815
50347358,7.0862
50347359,9.0915
50347360,6.475
50347361,7.6778
50347362,8.6198
50347363,9.1739
50347364,6.6576
50347365,6.2147
50347366,6.2924
50347367,7.5686
50347368,8
50347369,9.2676
50347370,9.5376
50347371,8.0862
50347372,9.1487
50347373,9.4202
50347374,8.8239
50347375,9.3279
50347376,9.5229
50347377,9.284
50347378,9.4318
50347379,9.699
50347380,9.9208
50347381,9.1871
50347382,8.8539
50347383,9.3098
50347750,6.5031
50348136,5.699
50348137,5.699
50348138,5.699
50348139,5.699
50348141,6.6556
50348142,7.0721
50348617,5.2218
50349311,5
50350089,4.8182
50350152,6.699
50350156,6.0809
50350160,6.5686
50350161,7.5045
50350163,6.585
50353085,5.2963
50353086,3.4737
50353087,2.6202
50353088,3.0635
50353094,5.8052
50353747,8.2549
50354135,7.0087
50354137,3.7867
50354803,6.8732
50354804,7.2882
50354805,7.2738
50354806,5.9374
50354807,7.3973
50354808,7.5044
50354809,7.6897
50354810,7.0116
50354843,9.3372
50355891,8.3081
50355892,9.3724
50356013,8.2205
50356535,7.5986
50356536,8.1135
50356537,7.1798
50356538,8.0269
50356539,7.3382
50356540,8.6383
50356541,7.3125
50356542,8.5229
50356543,7.2749
50356544,8.1739
50356546,6.8655
50356547,7.1302
50356548,8.0655
50356549,7.2549
50356550,8.2518
50356551,6.3429
50356552,7.8153
50356553,6.0152
50356554,7.3188
50358943,5.2518
50358946,6.0969
50358947,7.2218
50358948,5.9508
50358949,8
50358950,5.567
50358951,6.3665
50358952,5.7305
50358954,5.4225
50358957,6.7696
50358958,6.5686
50358959,5.5317
50358960,5.983
50358965,5.2518
50359303,5.6383
50360022,5.1079
50360023,5.5376
50364234,8.8239
50364235,6.6038
50364920,6.9208
50364921,8.5229
50364922,6.8447
50364923,8.0458
50364924,7.2518
50364925,7.8239
50364926,7.2366
50364927,6.5784
50364928,7.4949
50364929,7.4685
50364930,6.9914
50364931,6.9393
50364932,7.6576
50364933,7.4437
50364934,6.6216
50364935,7.7696
50364936,6.7696
50364937,7.5086
50364938,7.6576
50364939,6.9586
50364940,5.6234
50364941,7.2924
50364942,6.3726
50364943,6.2277
50364944,6.4949
50364945,6.7055
50364946,7.1192
50364947,6.6459
50370660,6.1175
50373120,9.5789
50375381,5.8861
50375382,5.3979
50375383,6.1192
50375384,6.0915
50375385,6.0269
50375387,5.6576
50375392,6.0605
50375393,5.4318
50377660,5.7959
50377689,5.8861
50377692,5.8861
50377693,5.699
50377695,5.9586
50377696,5.7447
50377697,5.8539
50377699,5.8861
50377700,6.3279
50377701,6.2676
50377702,6.585
50377703,7.041
50377704,7.301
50377705,7.1135
50377706,7.4815
50377707,6.8861
50377708,7.0315
50377710,6.9586
50377711,7.0506
50377918,5.8327
50378776,7.3098
50379694,5.865
50379695,5.635
50379696,5.72
50380717,8.2
50380718,7.7001
50380719,8.4001
50380720,7.5
50380849,7.4089
50380850,6.6615
50380851,8.7696
50380852,5.8689
50380853,8.5376
50380854,8.2007
50380855,8.2366
50380856,8.4685
50380857,6.6162
50380858,8.3279
50380860,7.9586
50380861,8.0969
50380862,5.5272
50380863,8.3098
50380864,7.5229
50380865,7.4949
50380886,5.514
50380889,6.4321
50380890,5.4032
50380892,5.3548
50380894,6.2152
50380895,5.9763
50380896,6.9308
50380900,6.7677
50381873,7.1549
50381875,7
50381876,5.7421
50381878,5.9208
50381879,6.0223
50381880,7.3665
50381881,6.0969
50381882,6.6308
50381883,7.1898
50381884,6.2518
50381885,6.6861
50381886,7.9355
50381887,6.5229
50381888,7.7825
50381889,7.1739
50382327,7.284
50382328,7.1871
50382329,8.3372
50382330,6.9626
50382409,6.7496
50382739,6.0109
50382740,6.484
50382741,5.771
50382742,5.3994
50382743,6.3859
50382744,7.1336
50382745,6.2898
50382746,5.7265
50382747,7.4685
50382748,7.1612
50382749,6.2612
50382751,6.3295
50382753,5.89
50383384,6.983
50383385,6.7282
50383386,8.1367
50383387,8.0362
50383388,8.7766
50383389,7.1057
50383390,7.3737
50383391,7.2034
50383392,7.327
50383393,7.3665
50383394,6.2118
50383395,5.8271
50383396,7.4112
50383397,7.8697
50383398,7.8239
50383399,8.1192
50383400,6.1013
50383401,7.8097
50383402,8.5376
50383403,7.1851
50383404,7.8327
50383405,6.7825
50383406,7.0655
50383407,6.7352
50383408,7.4078
50383409,7.1085
50383410,6.567
50383411,7.1838
50383412,7.6517
50383413,7.9266
50383414,7.0132
50383415,6.8729
50383416,6.9031
50383417,7.757
50384143,8.1487
50384144,8.5528
50384145,5.8416
50384146,8.1367
50384147,6.1838
50384148,7.27
50384149,7.4812
50384150,6.752
50384159,7.5331
50384160,7.762
50384161,8.3768
50384162,6.2396
50388883,8.3567
50388884,8.5936
50388885,9.1528
50388886,9.0927
50388887,10.1003
50388888,8.5529
50388889,9.0863
50388890,9.3724
50388891,9.7529
50388892,9.9397
50388893,9.9915
50388894,9.1905
50388895,9.449
50388896,9.4333
50388897,9.1769
50388898,7.2441
50388899,7.3372
50388900,9.6729
50388901,10.1884
50388902,9.7651
50389925,5.2411
50389928,6.104
50389930,5.6021
50389935,6.6737
50389939,7.2012
50390072,5.301
50392280,7
50392283,9
50392284,8.699
50392285,8.0809
50392286,8.1549
50392288,7.8861
50392289,7.1805
50392290,7
50392292,7.1549
50392294,8.3979
50392295,7.6021
50392296,8
50392297,7.5686
50392298,8.0969
50392300,8.1549
50392301,7.541
50392302,7.4949
50392303,7.585
50392304,7.699
50392305,8.0706
50392310,7
50392315,6.5229
50392548,6.0179
50392549,6.7144
50392550,7.8416
50392551,8.3979
50392553,6.7479
50392554,6.5275
50392555,5.447
50392556,6.3996
50392557,5.7289
50392558,6.7416
50392559,7.9586
50392560,8.3279
50392561,8.6108
50392562,6.1744
50392563,7.5406
50392564,7.6234
50392566,7.4134
50392568,6.4089
50392569,6.1805
50392570,7.6799
50392571,7.0625
50392572,7.2351
50392573,5.8268
50392574,6.8207
50392575,7.5391
50392576,7.8894
50392577,7.1993
50392578,6.3098
50392579,6.3768
50394567,6.2596
50394568,5.5901
50394572,5.5058
50395136,6.8794
50395137,6.9788
50395139,6.2787
50395140,7.0555
50395141,6.2381
50395142,6.7055
50395143,6.2189
50395144,6.9788
50395147,5.5
50395148,5.5427
50395151,6.2832
50395152,5.7565
50395153,6.4101
50395154,6.6556
50395155,6.4101
50395156,7.041
50395157,6.9914
50395158,6.3468
50395159,6.1215
50395160,6.699
50395161,6.6676
50395162,7.9914
50395164,5.8649
50395165,5.9393
50395167,6.4101
50395168,6.0857
50395170,5.871
50395171,5.4115
50395172,5.3864
50395174,5.6135
50395175,5.505
50395176,6.3372
50395177,6.5768
50395178,6.5086
50395179,6.3768
50397383,6.9784
50397386,6.7135
50397393,7.056
50397394,6.7545
50397395,6.2503
50397396,6.2612
50398215,5.3107
50398216,5.8013
50398217,6.2233
50398218,5.9318
50398219,5
50398220,6.6126
50398221,5.9914
50398222,5.58
50398223,5.8447
50398224,5.1945
50398225,6.1959
50398226,4.719
50398227,7.4815
50398228,5.0079
50398229,7.4949
50398230,5.6635
50398231,6.1469
50398232,5.7852
50398233,7.6576
50398234,5.8962
50398235,5.7167
50398236,4.7905
50398237,7.3468
50398240,5.3242
50398242,4.6757
50399116,6.9626
50399518,8.9208
50399519,7.5376
50399520,7.6021
50399521,7.5528
50399522,7.8539
50399523,8.8239
50399524,5.4759
50399525,7.6206
50399526,6.5702
50399527,6.6576
50399528,6.4724
50399529,6.71
50399530,7.5935
50399531,8.2076
50399532,7.9586
50399533,8.1481
50399534,8.7471
50401046,6.2823
50401047,7.1367
50401048,5.3675
50401049,5.5287
50401050,7.2676
50401051,7.6778
50401054,6.9355
50401055,7.6383
50401057,6.1925
50401058,7.8539
50401059,8.6021
50401060,6.3002
50401061,6.8539
50401062,7.8539
50401063,8.9208
50401064,6.4283
50401065,6.7932
50401066,8.0506
50401067,8.6383
50401068,6.7282
50401069,7.0315
50401070,7.8539
50401071,8.1427
50401072,6.2757
50401073,6.6198
50402857,4.9547
50402859,5.1433
50402863,4.7122
50402864,4.9318
50404173,7.8861
50408215,7.5086
50408218,6.8827
50408220,7.9208
50408222,6.9469
50408224,8.6383
50408226,7.6383
50413753,6.4
50413754,6.11
50413755,5.66
50413756,5.46
50413757,8.2097
50413758,7.7701
50413759,5.18
50416463,7.9
50416472,8.8996
50416474,8.699
50418012,8.4001
50418203,8.2899
50418204,8.0301
50418205,8.58
50418206,8.8297
50418207,8.2197
50418208,8.0899
50418209,8.0501
50418210,8.3247
50418211,8.03
50418212,8.0851
50418213,7.9548
50418214,8.3098
50418215,8.5901
50418216,8.8297
50418217,8.8794
50418218,8.2899
50418219,8.8097
50418220,9.2
50418221,9.2403
50418222,9.2899
50418223,9.1198
50418224,9.1101
50418225,8.699
50418226,8.27
50418227,8.0799
50418228,8.9201
50418229,9.166
50420877,5.2588
50420878,5.8216
50420881,6.2518
50420882,5.7799
50420883,6.3116
50420884,6.1561
50420885,6.2757
50420887,5.7383
50420888,5.6234
50420890,6.4623
50420891,5.4417
50420892,5.4073
50420894,7.317
50420896,5.5538
50420897,5.978
50420898,6.4665
50420899,5.4412
50420900,8.6925
50423200,5.5
50423201,5.8
50423202,7.301
50423203,5.8
50423204,7.4949
50423205,8.8861
50423206,5.7001
50423207,7.3979
50423208,6.699
50423209,7.7959
50423210,5.1
50423211,5.4
50423212,5.2
50423213,5.9
50423214,6.4001
50423215,5.3
50423216,6.8013
50423217,5.9
50424456,5.1549
50424457,5
50424458,4.1367
50424459,6.1487
50424460,4.8861
50424461,4.7959
50424462,4.0506
50424463,4.3872
50424464,5.699
50424465,4.8239
50424466,7.5528
50424467,8.2147
50424468,7.5086
50424469,7.041
50424470,8
50424471,6.7959
50424472,8.1427
50424473,7.4318
50424474,7.3098
50424475,7.8239
50424476,7.8539
50424477,8.301
50424478,8.6198
50424479,9.0706
50424481,6.4949
50424482,6.6576
50424485,5.9208
50424487,5.4437
50424488,5.8539
50424489,7.6778
50424490,8.3665
50424491,9.0132
50424492,3.6198
50426082,7.3665
50426083,7.8539
50426084,7.284
50426085,7.0655
50426086,5.8333
50426087,6.8386
50426088,6.8097
50426093,5.3231
50426094,5.342
50426095,5.2882
50426096,5.4256
50426098,6.3565
50426099,6.0191
50426103,6.063
50426104,5.7459
50426105,5.9788
50426106,6.0969
50426107,6.5986
50426108,6.1409
50426109,5.3403
50426110,5.9492
50426113,5.3718
50426114,5.4123
50426118,6.1203
50426119,5.901
50426120,6.301
50426121,6.2815
50426122,6.1475
50427397,5.7513
50427401,5.0849
50427403,5.1367
50427404,5.6919
50427405,5.3698
50427406,4.9586
50427407,6.6946
50427408,5.4949
50427410,5.473
50427411,6.6615
50427412,6.3595
50427413,5.8871
50427414,6.3851
50427415,6.0665
50427416,6.289
50427420,6.0625
50427421,6.8633
50427423,5.1793
50427424,5.9485
50428092,5.6459
50428173,6.2291
50428174,6.2218
50428175,5.8539
50428176,6.1805
50428177,5.8861
50428178,6.0757
50428179,5.699
50428180,6.301
50428181,5.9031
50428182,6.301
50428183,6.4685
50428184,6.6778
50428185,7.0915
50428186,6.2147
50428187,6.2441
50428188,6.2518
50428189,5.6478
50428190,6.1612
50428191,6.284
50428192,6.0315
50428193,6.3665
50428194,5.8861
50428195,5.6383
50429823,8.1675
50431800,5.0137
50431803,5.3387
50431808,5.2106
50438779,5.0516
50438782,5.062
50438783,6.3188
50447016,5.3979
50447021,5.7959
50447022,6.0969
50447023,5.9208
50447025,5.8861
50447031,6.699
50449588,5.7773
50449593,5.6556
50449594,5.2976
50450099,4
50450103,4.7467
50450104,4.8499
50451736,5.0177
50451737,6.7447
50451738,6.5376
50451739,5.7212
50454095,5.9234
50454096,5.8351
50454097,6.0969
50454098,6.2154
50454100,6.9296
50454101,5.9038
50454102,6.6073
50454103,5.4432
50454104,5.8908
50454105,6.6982
50454106,6.1403
50454107,6.9753
50454108,6.067
50454112,6.15
50461685,8.699
50461686,8.699
50461687,8.5229
50461688,8.699
50461689,7.9208
50461690,7.9208
50461691,8.699
50461692,8.3979
50461693,8.699
50461694,8.699
50461695,8.699
50461696,8.5229
50461697,8.3979
50461698,8.9586
50461699,7.6576
50461700,8.5229
50461701,8.301
50461702,8.3979
50461703,9
50461704,7.6198
50461705,8.699
50461706,7.6021
50461707,8.1549
50461708,8.1549
50461709,8.0969
50461710,9.0458
50461711,8.0969
50461712,8.699
50461713,7.9208
50461714,8.0969
50463396,8.301
50463397,8.2218
50463398,8.9208
50463399,8.2218
50463400,8.301
50463401,8.3979
50463402,8.5229
50463403,8.9208
50463404,9.3979
50463405,8.5229
50463406,7.6198
50463407,7.6198
50463408,8.301
50463409,8.301
50463410,9
50463411,8.0969
50463412,7.8861
50463413,9.2218
50463414,8.8539
50463415,8.301
50463416,8.5229
50463417,8.8539
50463418,8.699
50463419,8.7696
50463420,8.5229
50463421,7.9586
50463422,8.699
50463423,8.699
50463424,7.6778
50463425,8.5229
50463426,8.2218
50463427,8.2218
50463428,8.301
50463429,7.7212
50463430,7.3665
50463431,6.6021
50463653,7.2007
50464593,6.939
50464594,5.8859
50464595,5.7034
50464596,6.3715
50464597,6.1402
50464598,7.2098
50464599,6.0427
50464600,5.3947
50464601,6.3927
50464602,6.1185
50465024,5.852
50465025,5.4458
50465029,5.8005
50465030,5.4069
50465034,6.2967
50465047,6.0841
50465049,5.3442
50465935,5.6778
50470417,5.585
50470421,5.3872
50472720,9.1427
50472721,7.699
50472722,5.9586
50472723,5.3979
50472724,7.2366
50488954,7.7447
50488955,6.4855
50488956,6.618
50488957,7.9208
50488958,7.2007
50488959,6.5918
50488960,8.2218
50488961,7.3279
50488962,4.46
50488963,7.5086
50488964,6.3979
50488965,7
50488966,7.699
50488967,8.2218
50491561,6.9208
50491572,6.0835
50491573,6.1537
50491574,6.699
50491575,6.2132
50491576,6.2182
50491577,6.3768
50491578,5.9516
50491579,6.2782
50491580,7.9208
50491581,5.614
50491588,6.1707
50491589,5.8935
50491594,5.4828
50491831,6.2284
50491833,8.0458
50491835,6.8447
50491836,6.2175
50491838,9
50491839,7.7212
50491840,6.0419
50491841,5.7523
50491842,6.0506
50491843,6.4921
50491845,6.1273
50492297,7.0269
50493599,8.585
50494372,4.8483
50494373,6.4895
50494374,5.0696
50494416,8.0458
50494417,7
50494418,5.6198
50494419,5.3372
50494420,5.8564
50494421,6.7352
50494422,7.3872
50494951,6.7447
50495625,7.2518
50495626,7.4559
50495627,6.4134
50495628,8.0555
50495630,7.6021
50495631,7.6198
50495632,7.6198
50495633,7.2007
50495634,7.6383
50495636,7.1549
50495638,5.8962
50495639,7.2596
50495641,5.5096
50495643,5.7897
50495645,5.7167
50495646,6.0535
50495647,5.5632
50495648,6.6144
50495649,5.7375
50495678,6.2757
50495679,6.0915
50496024,5.6421
50496025,5.7352
50496026,5.6778
50496027,5.0737
50496028,6.4112
50496029,6.0565
50496030,5.426
50496031,6.6536
50496032,4.7496
50496033,5.3251
50496035,6.0237
50496548,5.4989
50506746,7.2291
50506750,6.7328
50506752,5.9586
50506762,6.2848
50506764,5.8732
50506767,5.6737
50507339,6.6579
50507340,6.8719
50507341,7.1145
50507342,6.9032
50507343,6.754
50510007,5.2265
50511104,7.6884
50511105,7.4587
50511106,5.3054
50515385,7.3054
50515386,8.4034
50516235,7.6576
50516236,7.8539
50516237,8.8539
50516238,8.9586
50516239,8.1549
50516240,7.8239
50516241,6.4202
50516242,8.3979
50516243,7.7447
50516244,7.8861
50516245,7.7696
50516246,8.2218
50516247,7.0915
50516248,6.9208
50516249,9.0458
50516250,8.9208
50516251,8.5229
50516252,8.2007
50516253,8.301
50516254,7.7212
50516255,7.585
50516256,8.5229
50516257,8.3979
50516258,7.6576
50516259,7.2924
50516260,8.6198
50516261,9.0969
50516262,9.0458
50516263,6.1367
50516264,9.585
50516265,8.0458
50516288,7.398
50516289,5.9936
50516290,5.8007
50516291,6.8099
50516292,6.0924
50516293,5.7595
50516294,5.4486
50516298,6.0526
50516299,5.5068
50516303,5.3125
50516775,5.965
50516776,10
50516780,5.8901
50516782,9
50516783,5.6383
50516784,5.8781
50516787,7.0862
50516788,6.5654
50516789,9.9586
50516790,5.8153
50516791,5.5436
50516793,6.3468
50516797,7.6021
50516798,6.4034
50516803,6.5406
50517072,6.8918
50517221,7.9586
50517223,7.8861
50517224,6.8827
50517225,6.9747
50517226,7.3468
50517227,7.0132
50517228,5.6757
50517231,5.7423
50517233,8.0862
50517234,6.7447
50517235,6.585
50519776,7.6872
50519778,7.6555
50519795,6.2985
50520683,9.2366
50521890,8.5229
50521891,7.3768
50521892,8.7696
50521893,8.0458
50521894,7.7696
50521895,8.5229
50521896,8.699
50521897,9.0088
50521898,8.699
50521899,8.5229
50521900,9.2218
50521901,8.3979
50521902,8.0458
50521903,8.301
50521904,8.3979
50521905,8.7959
50521906,8.4815
50521907,8
50521908,8.2218
50521909,8.6198
50521910,8.301
50521911,6.1079
50521912,8.2218
50521913,8.5229
50521914,8.0969
50521915,8.5229
50521916,8.3979
50521917,9.4202
50521918,6.3768
50521919,7.3279
50521920,9.699
50521921,8.699
50521922,8.585
50528194,5.7645
50530743,6.8039
50530744,6.8276
50530745,6.7389
50530746,6.175
50530747,6.6235
50530748,6.6607
50530749,6.5297
50530750,6.7226
50530751,6.1174
50530752,6.7342
50530753,7.813
50530754,6.8069
50530756,6.0296
50530757,6.0951
50530758,6.8903
50530759,5.8962
50530760,5.4522
50530761,5.9136
50530762,5.4112
50530763,6.834
50530764,6.2157
50530765,5.8955
50530766,6.4757
50530767,6.5346
50530768,6.7912
50530769,5.9653
50530770,6.7482
50530771,6.6367
50530772,6.3596
50530773,6.4656
50532210,7.6198
50532211,5.2069
50532215,4.8324
50532438,7.7212
50532440,7.8239
50532441,5.6338
50532443,6.3468
50532444,5.8292
50532445,5.7713
50532446,6.1824
50532447,6.289
50532448,5.9642
50532449,6.6615
50532451,5.381
50532454,6.4776
50532455,7.1871
50532456,7.2676
50532458,6.5654
50532459,5.1911
50532460,8.3468
50532461,7.5376
50532462,6.1733
50532464,5.7924
50532466,5.1863
50532467,7.8539
50532469,5.2976
50532470,6.1537
50532471,6.2118
50532473,5.8758
50532474,7.6576
50532475,5.5331
50532476,8.284
50532477,5.9431
50532479,7.7212
50532885,5.2218
50534083,5.6576
50534085,5.2441
50534087,5.4815
50534088,5.1549
50534456,5.833
50534457,8.585
50534458,7.0132
50534460,6.8268
50534461,7.6383
50534462,7.7696
50534463,7.7959
50534464,9.066
50534466,6.8962
50534467,8.2441
50534468,6
50534469,5.5845
50534470,6.1891
50534471,6.2055
50534472,5.0692
50534474,6.8729
50534475,7.6383
50534476,8.9208
50534477,6.0079
50534478,6.3605
50534479,5.3552
50534480,8.0044
50534481,8.4437
50534482,7.699
50534483,6.9393
50534484,6.1267
50534485,8.6198
50534486,6.6253
50534487,7.284
50534488,5.389
50534489,6.2168
50534490,6.0645
50534491,6.9706
50534492,6.3429
50534493,5.7921
50534494,7.0809
50534496,5.3794
50534497,8.1871
50534498,8.3565
50534856,6.699
50534857,8.0969
50534858,8.5229
50534859,8
50534860,8.3979
50534861,7.8239
50534862,8.3979
50534863,6.9508
50534864,7.8239
50534865,6.5229
50534867,8.301
50534868,8.2218
50534869,8.699
50534870,8.0969
50534874,6.0969
50534875,6.6021
50534876,6.301
50534877,6.699
50534879,6.301
50534880,6.5229
50534881,6.699
50534882,6.9208
50534883,7.6778
50534884,7.3979
50534886,7.9208
50534887,8.5229
50534888,8
50534889,7.0706
50534890,8.5229
50534891,6.8633
50534892,8.5229
50534895,8.301
50534896,7.3872
50534897,7.9208
50534898,9
50534899,8.3979
50534900,6.3979
50534901,7.6576
50534902,8.3979
50534903,8.699
50534905,6.0969
50534906,6.699
50534908,6.8861
50534910,8.1549
50534911,8.0458
50534912,6.3979
50534913,7.4815
50534914,7.9208
50536903,6.0443
50536904,6.1079
50536913,6.2027
50536919,7.9208
50536921,6.2269
50537515,9.5229
50541721,6.2741
50541723,7.4685
50541725,7.1612
50541726,7.0605
50541727,7.4089
50541728,6.7932
50541729,7.2518
50541732,6.9666
50541733,6.308
50541737,6.6364
50543734,7.1192
50543735,7.0555
50543736,7.0506
50543737,5.5007
50543738,8.4559
50543739,8.9586
50543740,6.5528
50543741,6.5272
50543742,5.4957
50543743,6.1586
50543744,5.4881
50543745,7.6198
50543746,8.1192
50543747,7.1192
50543748,7.2676
50543749,6.4559
50543751,6.0731
50543752,7.9208
50543753,7.6778
50543754,7.9586
50543755,7.8539
50543756,8.2291
50546336,6.2512
50546337,8.1202
50546338,7.1117
50548493,5.4685
50553585,5.5379
50553586,6.1524
50553587,5.9559
50553588,6.6615
50556531,7.4202
50556532,8.82
50556533,8.4318
50556534,8.3098
50556535,6.7545
50556536,8.0088
50556537,7.3098
50556541,7.7696
50556542,7.1192
50556544,5.3372
50559493,5.4277
50559494,5.0211
50559505,5.7203
50559507,5.9682
50561304,4.6778
50561305,5.7959
50561306,4.6635
50561307,5.3979
50561308,6.8239
50561309,5.585
50561312,4.8665
50561315,6.4486
50561316,5.7959
50562066,7.4815
50562067,6.3565
50572485,6.8182
50572486,8.8239
50572487,7.4089
50572488,5.7203
50572489,6.4881
50572490,5.5919
50576359,5.7933
50576360,6.0134
50576361,5.2501
50576362,5.5
50576363,5.8976
50576365,5.4
50576368,5.8
50576369,5.3
50576371,5.6
50576372,5.4
50576375,5.6001
50576376,5.6334
50576381,5.8
50577908,5.5376
50577909,6.6421
50578423,6.3116
50578425,6.6616
50578427,6.7089
50578431,6
50578432,7.1518
50578434,6.7683
50578456,6
50578462,6.8
50584036,6.27
50584037,6.06
50584038,5.7899
50584039,5.8
50584040,5.4566
50584041,5.7501
50584042,5.9698
50584045,6.3123
50584046,5.8065
50584047,6.283
50584048,6.3588
50584049,6.1169
50584051,6.3262
50584052,6.3595
50584053,6.3651
50584054,6.8297
50584055,6.7696
50584056,6.1108
50584057,6.0363
50584058,6.6402
50584059,6.2158
50584060,5.9199
50584061,6.5326
50584062,6.7496
50584063,5.7005
50584064,6.2466
50584065,6.7799
50584066,6.4001
50584067,7.1024
50584068,7.4949
50585649,7.8835
50585650,7.3019
50585651,7.2639
50585652,8.2959
50585653,8.1649
50585654,8.1462
50585655,7.3751
50585656,8.0576
50585657,8.419
50585658,8.4128
50585659,7.4864
50585660,8.5317
50585661,8.8008
50585662,8.1259
50585663,7.3547
50585664,7.2141
50585665,7.4685
50585666,7.5596
50585667,7.6617
50585668,7.4971
50585669,6.9869
50585670,7.2147
50585671,7.449
50585672,6.7473
50585673,8.4752
50585674,7.1487
50585675,7.213
50585676,7.6131
50585677,7.5121
50585678,8.6309
50585679,6.2147
50585680,8.8833
50585682,9.0088
50585683,8.2636
50586515,5.4815
50586516,5.4815
50586517,5.4089
50586518,5.4202
50586519,5.2676
50586520,5.7959
50586521,5.4202
50586522,5.2291
50586523,5.0458
50586524,5.3188
50586525,5.2076
50586527,5.9586
50586528,5.2366
50586529,5.3872
50586530,5.7696
50586533,5.6198
50586534,5.0269
50586535,5.0809
50586536,5.1024
50586537,5.1427
50586724,7.3665
50587686,7.9034
50590204,6.4283
50590325,7.9208
50590326,8.8861
50590327,6.5115
50590328,8.9208
50590329,9.5222
50590330,7.6021
50590331,6.3002
50590332,7.8099
50590333,6.2696
50590334,6.3595
50594768,5.3276
50594789,7.041
50594792,6.5272
50594802,6.0506
50594811,5.6979
50594813,6.0381
50600941,8.2218
50600942,8.5376
50600943,5.301
50600944,7.1871
50600946,7.5528
50600947,5.1675
50600948,8.4815
50600949,7.3098
50600950,8.3188
50600951,6.9393
50600952,5.3372
50600953,7.8861
50600954,6.1079
50600955,5.6576
50600956,5.4089
50600958,5.9586
50600961,9.2218
50600962,8.8239
50600963,8.4089
50601854,6
50607947,6.4168
50607948,7.2076
